feature,coefficient,abs_coefficient,coefficient_source,coefficient_training_rows,prediction_estimator,odds_ratio
const,-1.65410669951983,1.65410669951983,full_training_fitted_prediction_model,320000,sklearn_logistic_regression_full_training,0.19126283459765964
grade_E,0.7085831709307527,0.7085831709307527,full_training_fitted_prediction_model,320000,sklearn_logistic_regression_full_training,2.0311114812628004
grade_D,0.6987668311636666,0.6987668311636666,full_training_fitted_prediction_model,320000,sklearn_logistic_regression_full_training,2.011270940920629
grade_G,0.6863778756218806,0.6863778756218806,full_training_fitted_prediction_model,320000,sklearn_logistic_regression_full_training,1.9865071103902368
grade_F,0.6679955336769353,0.6679955336769353,full_training_fitted_prediction_model,320000,sklearn_logistic_regression_full_training,1.9503240410682605
home_ownership_MORTGAGE,-0.6126885545107308,0.6126885545107308,full_training_fitted_prediction_model,320000,sklearn_logistic_regression_full_training,0.5418920026442642
grade_C,0.6113220125845282,0.6113220125845282,full_training_fitted_prediction_model,320000,sklearn_logistic_regression_full_training,1.842866081237616
purpose_wedding,-0.5481644773333166,0.5481644773333166,full_training_fitted_prediction_model,320000,sklearn_logistic_regression_full_training,0.5780097873432483
home_ownership_OWN,-0.5346381285350585,0.5346381285350585,full_training_fitted_prediction_model,320000,sklearn_logistic_regression_full_training,0.5858812655003928
purpose_small_business,0.5015470651750059,0.5015470651750059,full_training_fitted_prediction_model,320000,sklearn_logistic_regression_full_training,1.6512739240127128
addr_state_OR,-0.42922127402593835,0.42922127402593835,full_training_fitted_prediction_model,320000,sklearn_logistic_regression_full_training,0.6510158603419067
addr_state_WV,-0.4258319620381406,0.4258319620381406,full_training_fitted_prediction_model,320000,sklearn_logistic_regression_full_training,0.6532260996811228
home_ownership_RENT,-0.40466199880855946,0.40466199880855946,full_training_fitted_prediction_model,320000,sklearn_logistic_regression_full_training,0.6672022879188186
addr_state_ME,-0.39872718352163955,0.39872718352163955,full_training_fitted_prediction_model,320000,sklearn_logistic_regression_full_training,0.6711737836463995
addr_state_VT,-0.38826902369032135,0.38826902369032135,full_training_fitted_prediction_model,320000,sklearn_logistic_regression_full_training,0.6782298588193796
grade_B,0.373219015529645,0.373219015529645,full_training_fitted_prediction_model,320000,sklearn_logistic_regression_full_training,1.4524024036827428
term_months,0.34447956295581583,0.34447956295581583,full_training_fitted_prediction_model,320000,sklearn_logistic_regression_full_training,1.4112552589963456
addr_state_DC,-0.3290764690424971,0.3290764690424971,full_training_fitted_prediction_model,320000,sklearn_logistic_regression_full_training,0.7195879884386529
addr_state_WA,-0.3020501506934312,0.3020501506934312,full_training_fitted_prediction_model,320000,sklearn_logistic_regression_full_training,0.7393009875026336
installment,0.29901636457476194,0.29901636457476194,full_training_fitted_prediction_model,320000,sklearn_logistic_regression_full_training,1.3485316914400272
addr_state_NH,-0.29837644465514396,0.29837644465514396,full_training_fitted_prediction_model,320000,sklearn_logistic_regression_full_training,0.742021956965297
addr_state_OK,0.2980045371591579,0.2980045371591579,full_training_fitted_prediction_model,320000,sklearn_logistic_regression_full_training,1.3471679001808634
addr_state_CO,-0.2857595648290027,0.2857595648290027,full_training_fitted_prediction_model,320000,sklearn_logistic_regression_full_training,0.7514432676190527
addr_state_MS,0.2654919946687079,0.2654919946687079,full_training_fitted_prediction_model,320000,sklearn_logistic_regression_full_training,1.3040724146487939
purpose_moving,0.2322645037582057,0.2322645037582057,full_training_fitted_prediction_model,320000,sklearn_logistic_regression_full_training,1.261453343855421
addr_state_UT,-0.22737098980608314,0.22737098980608314,full_training_fitted_prediction_model,320000,sklearn_logistic_regression_full_training,0.7966251876383458
addr_state_AR,0.2192587224611201,0.2192587224611201,full_training_fitted_prediction_model,320000,sklearn_logistic_regression_full_training,1.245153384165538
addr_state_SC,-0.21146238491133154,0.21146238491133154,full_training_fitted_prediction_model,320000,sklearn_logistic_regression_full_training,0.8093997261225916
addr_state_AL,0.2028537404829977,0.2028537404829977,full_training_fitted_prediction_model,320000,sklearn_logistic_regression_full_training,1.2248933028426428
addr_state_LA,0.19679908126692724,0.19679908126692724,full_training_fitted_prediction_model,320000,sklearn_logistic_regression_full_training,1.217499397693548
acc_open_past_24mths,0.18911860682675105,0.18911860682675105,full_training_fitted_prediction_model,320000,sklearn_logistic_regression_full_training,1.208184242884303
addr_state_NE,0.187203380354776,0.187203380354776,full_training_fitted_prediction_model,320000,sklearn_logistic_regression_full_training,1.2058725108910997
addr_state_SD,0.18269293616596494,0.18269293616596494,full_training_fitted_prediction_model,320000,sklearn_logistic_regression_full_training,1.2004457380102405
dti,0.1824759193300742,0.1824759193300742,full_training_fitted_prediction_model,320000,sklearn_logistic_regression_full_training,1.2001852493407548
addr_state_NM,0.17768416306547252,0.17768416306547252,full_training_fitted_prediction_model,320000,sklearn_logistic_regression_full_training,1.1944480108554594
addr_state_KS,-0.16699698336857133,0.16699698336857133,full_training_fitted_prediction_model,320000,sklearn_logistic_regression_full_training,0.846202164013381
purpose_medical,0.15836376803310018,0.15836376803310018,full_training_fitted_prediction_model,320000,sklearn_logistic_regression_full_training,1.1715923050287096
purpose_vacation,0.15792355849385634,0.15792355849385634,full_training_fitted_prediction_model,320000,sklearn_logistic_regression_full_training,1.1710766724214543
purpose_educational,0.15394975550781803,0.15394975550781803,full_training_fitted_prediction_model,320000,sklearn_logistic_regression_full_training,1.166432278508582
disbursement_method_DirectPay,-0.14905207462584427,0.14905207462584427,full_training_fitted_prediction_model,320000,sklearn_logistic_regression_full_training,0.8615242501778279
total_acc,-0.14699353379833308,0.14699353379833308,full_training_fitted_prediction_model,320000,sklearn_logistic_regression_full_training,0.8632995596673232
total_il_high_credit_limit,-0.1441447987603263,0.1441447987603263,full_training_fitted_prediction_model,320000,sklearn_logistic_regression_full_training,0.8657623776636623
verification_status_Source Verified,0.13242347409834818,0.13242347409834818,full_training_fitted_prediction_model,320000,sklearn_logistic_regression_full_training,1.1415916514159543
int_rate,0.13181046190981272,0.13181046190981272,full_training_fitted_prediction_model,320000,sklearn_logistic_regression_full_training,1.1408920562713893
loan_amnt,-0.13082398689038935,0.13082398689038935,full_training_fitted_prediction_model,320000,sklearn_logistic_regression_full_training,0.8773721898084901
fico_score,-0.12917005410349588,0.12917005410349588,full_training_fitted_prediction_model,320000,sklearn_logistic_regression_full_training,0.8788245051244152
addr_state_RI,-0.1273252214181749,0.1273252214181749,full_training_fitted_prediction_model,320000,sklearn_logistic_regression_full_training,0.8804472857152187
addr_state_WY,-0.12364358702221082,0.12364358702221082,full_training_fitted_prediction_model,320000,sklearn_logistic_regression_full_training,0.883694745036989
emp_length_missing,0.11430904524687142,0.11430904524687142,full_training_fitted_prediction_model,320000,sklearn_logistic_regression_full_training,1.121098541527721
total_bal_ex_mort,0.11130585685709657,0.11130585685709657,full_training_fitted_prediction_model,320000,sklearn_logistic_regression_full_training,1.117736722019396
addr_state_NY,0.10951725570312974,0.10951725570312974,full_training_fitted_prediction_model,320000,sklearn_logistic_regression_full_training,1.1157393236355766
purpose_house,-0.10797823726205642,0.10797823726205642,full_training_fitted_prediction_model,320000,sklearn_logistic_regression_full_training,0.8976471314771542
addr_state_NV,0.10628290717702678,0.10628290717702678,full_training_fitted_prediction_model,320000,sklearn_logistic_regression_full_training,1.1121364633923156
addr_state_GA,-0.10100713231538565,0.10100713231538565,full_training_fitted_prediction_model,320000,sklearn_logistic_regression_full_training,0.9039265857733775
addr_state_CT,-0.09918529491370759,0.09918529491370759,full_training_fitted_prediction_model,320000,sklearn_logistic_regression_full_training,0.9055748940546415
addr_state_MN,0.09685967138077518,0.09685967138077518,full_training_fitted_prediction_model,320000,sklearn_logistic_regression_full_training,1.1017057619246784
addr_state_WI,-0.09279299139543733,0.09279299139543733,full_training_fitted_prediction_model,320000,sklearn_logistic_regression_full_training,0.9113821447159588
initial_list_status_w,0.09267733654698428,0.09267733654698428,full_training_fitted_prediction_model,320000,sklearn_logistic_regression_full_training,1.0971076815981893
purpose_renewable_energy,0.08440775144393291,0.08440775144393291,full_training_fitted_prediction_model,320000,sklearn_logistic_regression_full_training,1.0880724664882944
addr_state_HI,-0.08438921693384822,0.08438921693384822,full_training_fitted_prediction_model,320000,sklearn_logistic_regression_full_training,0.9190734675139471
purpose_major_purchase,0.0818751960612611,0.0818751960612611,full_training_fitted_prediction_model,320000,sklearn_logistic_regression_full_training,1.085320349122346
mort_acc,-0.08181107319088995,0.08181107319088995,full_training_fitted_prediction_model,320000,sklearn_logistic_regression_full_training,0.9214460281104995
addr_state_NJ,0.08125577365764987,0.08125577365764987,full_training_fitted_prediction_model,320000,sklearn_logistic_regression_full_training,1.0846482855501094
addr_state_MO,0.08074250530246183,0.08074250530246183,full_training_fitted_prediction_model,320000,sklearn_logistic_regression_full_training,1.0840917127564476
addr_state_IN,0.08015097065286957,0.08015097065286957,full_training_fitted_prediction_model,320000,sklearn_logistic_regression_full_training,1.083450624576646
purpose_credit_card,-0.07894767707057296,0.07894767707057296,full_training_fitted_prediction_model,320000,sklearn_logistic_regression_full_training,0.9240882741857304
verification_status_Verified,0.07823554262098226,0.07823554262098226,full_training_fitted_prediction_model,320000,sklearn_logistic_regression_full_training,1.0813773391275834
avg_cur_bal,-0.07589121618814157,0.07589121618814157,full_training_fitted_prediction_model,320000,sklearn_logistic_regression_full_training,0.9269170346433562
addr_state_NC,0.07159275982096136,0.07159275982096136,full_training_fitted_prediction_model,320000,sklearn_logistic_regression_full_training,1.07421779032987
annual_inc,-0.07062441662754243,0.07062441662754243,full_training_fitted_prediction_model,320000,sklearn_logistic_regression_full_training,0.9318117994319226
delinq_2yrs,0.06993700050371143,0.06993700050371143,full_training_fitted_prediction_model,320000,sklearn_logistic_regression_full_training,1.0724406159073459
purpose_home_improvement,0.06954004260589866,0.06954004260589866,full_training_fitted_prediction_model,320000,sklearn_logistic_regression_full_training,1.072014986618969
revol_bal,-0.06927961449310349,0.06927961449310349,full_training_fitted_prediction_model,320000,sklearn_logistic_regression_full_training,0.9330657448939816
inq_last_6mths,0.06765549996637465,0.06765549996637465,full_training_fitted_prediction_model,320000,sklearn_logistic_regression_full_training,1.0699966311023426
purpose_other,0.06614758470370093,0.06614758470370093,full_training_fitted_prediction_model,320000,sklearn_logistic_regression_full_training,1.0683843827237578
open_acc,0.06405243232305283,0.06405243232305283,full_training_fitted_prediction_model,320000,sklearn_logistic_regression_full_training,1.0661482979280101
addr_state_ID,-0.060650433818884616,0.060650433818884616,full_training_fitted_prediction_model,320000,sklearn_logistic_regression_full_training,0.941152177252402
addr_state_MD,0.058391252127038225,0.058391252127038225,full_training_fitted_prediction_model,320000,sklearn_logistic_regression_full_training,1.060129692576639
addr_state_DE,-0.05809223474038798,0.05809223474038798,full_training_fitted_prediction_model,320000,sklearn_logistic_regression_full_training,0.9435629141426879
application_type_Joint App,-0.055227271967203395,0.055227271967203395,full_training_fitted_prediction_model,320000,sklearn_logistic_regression_full_training,0.9462700628543123
addr_state_FL,0.05167645359913147,0.05167645359913147,full_training_fitted_prediction_model,320000,sklearn_logistic_regression_full_training,1.0530349817120503
addr_state_OH,0.04853663986773879,0.04853663986773879,full_training_fitted_prediction_model,320000,sklearn_logistic_regression_full_training,1.0497338332245207
bc_open_to_buy,-0.04770309575527018,0.04770309575527018,full_training_fitted_prediction_model,320000,sklearn_logistic_regression_full_training,0.9534168185592284
addr_state_IL,-0.04659138443515158,0.04659138443515158,full_training_fitted_prediction_model,320000,sklearn_logistic_regression_full_training,0.9544773322125047
addr_state_MT,0.04656654535391402,0.04656654535391402,full_training_fitted_prediction_model,320000,sklearn_logistic_regression_full_training,1.0476677941730475
revol_util,0.04325817014943813,0.04325817014943813,full_training_fitted_prediction_model,320000,sklearn_logistic_regression_full_training,1.044207443246108
purpose_debt_consolidation,-0.03873332339229037,0.03873332339229037,full_training_fitted_prediction_model,320000,sklearn_logistic_regression_full_training,0.9620072197641147
addr_state_KY,0.03846525284514432,0.03846525284514432,full_training_fitted_prediction_model,320000,sklearn_logistic_regression_full_training,1.039214617979362
total_bc_limit,-0.03680568366690529,0.03680568366690529,full_training_fitted_prediction_model,320000,sklearn_logistic_regression_full_training,0.9638634115567891
pub_rec,0.026841900413857075,0.026841900413857075,full_training_fitted_prediction_model,320000,sklearn_logistic_regression_full_training,1.0272053891781545
addr_state_PA,0.02454912622153626,0.02454912622153626,full_training_fitted_prediction_model,320000,sklearn_logistic_regression_full_training,1.0248529370229624
pub_rec_bankruptcies,-0.019562401365696418,0.019562401365696418,full_training_fitted_prediction_model,320000,sklearn_logistic_regression_full_training,0.9806277007716105
bc_util,-0.017869967618778983,0.017869967618778983,full_training_fitted_prediction_model,320000,sklearn_logistic_regression_full_training,0.9822887533998363
addr_state_MA,0.016630566733981247,0.016630566733981247,full_training_fitted_prediction_model,320000,sklearn_logistic_regression_full_training,1.0167696244087256
credit_history_months,0.016032213155991785,0.016032213155991785,full_training_fitted_prediction_model,320000,sklearn_logistic_regression_full_training,1.016161418645163
addr_state_TN,0.014909412251228275,0.014909412251228275,full_training_fitted_prediction_model,320000,sklearn_logistic_regression_full_training,1.015021111973401
addr_state_CA,0.014473939944759776,0.014473939944759776,full_training_fitted_prediction_model,320000,sklearn_logistic_regression_full_training,1.0145791946170246
home_ownership_OTHER,-0.01376537958916747,0.01376537958916747,full_training_fitted_prediction_model,320000,sklearn_logistic_regression_full_training,0.9863289300166667
emp_length_num,-0.01335617656156319,0.01335617656156319,full_training_fitted_prediction_model,320000,sklearn_logistic_regression_full_training,0.9867326213912765
home_ownership_NONE,-0.011917312649875417,0.011917312649875417,full_training_fitted_prediction_model,320000,sklearn_logistic_regression_full_training,0.9881534172715142
addr_state_MI,0.011876914425087912,0.011876914425087912,full_training_fitted_prediction_model,320000,sklearn_logistic_regression_full_training,1.011947725032713
addr_state_TX,0.009872175306905004,0.009872175306905004,full_training_fitted_prediction_model,320000,sklearn_logistic_regression_full_training,1.0099210659828801
addr_state_AZ,0.007996696041328648,0.007996696041328648,full_training_fitted_prediction_model,320000,sklearn_logistic_regression_full_training,1.0080287550134255
addr_state_IA,0.007480554628857205,0.007480554628857205,full_training_fitted_prediction_model,320000,sklearn_logistic_regression_full_training,1.00750860387532
addr_state_ND,-0.003871951358350918,0.003871951358350918,full_training_fitted_prediction_model,320000,sklearn_logistic_regression_full_training,0.996135534979947
addr_state_VA,0.003495743707349636,0.003495743707349636,full_training_fitted_prediction_model,320000,sklearn_logistic_regression_full_training,1.0035018609454052
